-1.22286478099793,-0.757344230636954
-1.0070562151278,-1.53490446656942
0.421695705987949,-1.28124206475914
0.565221298222649,-1.47324600480497
-1.30103827925608,-1.44495489224792
0.675257571005901,-0.687169964984059
0.874025896876339,-1.48888449668884
0.534723330601641,-1.44916508570313
-0.805414649908567,-1.03566831983626
0.662464083370705,-0.629591995477676
1.04058081119854,-0.817956206202507
0.0679801875169941,-1.89644586890936
0.70175440824706,-1.68904820345342
0.205924668519029,-1.80611723512411
-1.08196263861166,-1.58724066317081
-1.13972992144645,-1.3326416566968
-0.453021308885685,-1.52738810032606
0.00505168298444381,-1.01625737659633
0.203913790933419,-1.6995021622628
0.527157310907632,-1.31407552026212
-1.30935039584756,-1.21340659596026
0.56781376741833,-1.73006390072405
-0.749591042819655,-1.68479280769825
0.640634028157125,-1.03947684764862
1.18608428083366,-1.08981638848782
-0.77419249533847,-1.63549397811294
-0.803730917117065,-1.27591570019722
-0.529074515403286,-0.864658525213599
-0.0754665988378616,-1.46530612967908
1.35789940313687,-1.18146112933755
-0.815665683726658,-1.8220774628222
0.178975066764893,-1.68511131592095
-1.03668923185809,-1.63741549178958
-0.929214816102982,-1.55496346205473
0.216621147747924,-1.3604901984334
0.0149890801049899,-1.30189769417048
1.24144898566579,-1.41404673941433
0.685153297510435,-1.62090875394642
1.16340646832668,-1.1256876476109
1.04199654431435,-1.08905835300684
0.715590651910898,-1.41560516692698
-0.236332852255675,-0.926661466434598
0.27033303297217,-1.29735027588904
0.994528769266298,-1.01563751474023
0.637045765982383,-1.03837339691818
0.994034604013795,-1.51373931132257
-0.406104901227611,-0.748239762336016
0.769982658314418,-0.69358878955245
1.14440492886815,-0.99993775933981
1.21086162600031,-0.737867049500346
-1.16877404822423,-1.56494789123535
0.485617234670624,-0.962244213744998
-0.154668984976527,-1.59326086714864
-0.412253540002274,-1.64634498395026
-1.16849641668274,-1.24861796870828
0.169976264378386,-1.09283323995769
1.02792486001575,-0.918775983899832
0.707084883371631,-1.76569361872971
0.0775037608361311,-1.22939373962581
0.479388846745903,-1.15910847261548
-0.236624512184455,-1.44581879936159
0.530316946945008,-0.888658500090241
0.925438588848887,-1.5775208670646
-0.395102779094557,-0.846161287650466
-0.999050539392583,-1.3096406403929
-0.396720868323533,-1.38389977961779
-0.726395809621812,-1.10895114950836
-0.991039775577385,-1.57639231234789
0.523221805276806,-1.88457352332771
-0.962468251829193,-1.11664886549115
-0.0494195457909956,-1.16782763712108
-0.982258328208692,-1.10862932093441
0.211219789824065,-1.50829698331654
-0.604786956149184,-1.34060219861567
-0.449658605065662,-0.85721958167851
0.909403791210077,-1.43770912028849
-0.825380894651064,-1.73096675314009
-0.715333090486753,-0.970833610743284
-0.115611921612062,-1.8174494870007
-1.09890203692726,-1.03362787477672
-1.32000209763716,-1.37428658343852
-0.387299464662439,-1.45345547199249
0.390340683958382,-1.57253083661199
1.29596489586677,-0.815317834913731
0.448926692902189,-1.57102881297469
0.740160046217254,-1.23800145089626
0.24054769886198,-0.930277078971267
0.791698299521931,-0.898831396177411
-0.425402065723282,-1.50912822522223
-0.438824043143973,-1.06284798569977
-0.998110281933949,-0.974172569438815
-0.0396491658851368,-1.76422824449837
-0.344528030253234,-1.70202646963298
0.0629560319340201,-1.0971287637949
0.311337226631271,-1.19684099666774
0.424553921779918,-1.46087734848261
0.783402500726667,-1.42125253863633
0.654207939551455,-1.44597642831504
-1.08922784203864,-1.42527045197785
0.592381466563014,-1.72879553958774
-0.352644045897581,-1.50069235488772
-0.732696421943348,-0.784315443038941
0.773335936568455,-1.33738981895149
0.388844122186574,-1.33383457288146
0.249630100679647,-1.15391124151647
-0.201236982092468,-1.47202487327158
-0.217211530454744,-1.06563103273511
-0.107031508221255,-1.15192882977426
0.467996718059982,-1.13321245200932
0.937633687009046,-1.6998779270798
-1.101980183241,-1.46118097193539
1.1864872148594,-1.12857489623129
0.810144642069118,-1.64956842549145
-0.215211300664202,-1.55394007191062
0.439976359943143,-1.4244065195322
-0.0283876716902698,-1.55990327522159
0.615258988317635,-1.2551748290658
-0.377797711116611,-0.98292614929378
-0.628882603694596,-1.74449935741723
0.895689391589283,-0.593288020789623
0.587524776475139,-1.82204743176699
0.0591809899307383,-1.86319212205708
-0.173565639793629,-1.24294289834797
-0.846285879445707,-1.78661441616714
-0.422224316821817,-1.56554479040205
-0.521404480381522,-1.8428811956197
0.894804636565259,-0.95307172909379
-0.667338942114443,-1.50829407200217
0.184070545642668,-1.38952671922743
0.219700112124756,-0.807585513964295
0.865648443577082,-1.21740787923336
1.05489203488101,-1.04341531991959
0.840219709994425,-1.19724458493292
0.797324802552142,-0.945646404474974
-0.618445769647708,-1.82877407670021
-0.0655972994691276,-1.47191095799208
-0.190756089411921,-1.17580273784697
-1.3624794834512,-1.20567897818983
-0.647972453096689,-1.22693811282516
-0.667928591094571,-1.70405243448913
-0.0163028881383203,-1.75275795795023
0.819260939335314,-1.16780228726566
-0.989643245860212,-1.13651495613158
-0.371190375087493,-1.52554973140359
0.804616385108053,-1.10274322479963
0.0463414844624013,-1.87428542934358
0.977595530751715,-0.60641847923398
0.153969480697209,-1.52719456218183
-1.08713532616758,-0.695541166514158
-1.07013109262142,-1.42633482329547
-0.224200393984664,-0.794614874571562
0.953716707553527,-1.31648519746959
-0.00333553452388924,-1.78548775278032
1.06727321936499,-1.68772251717746
0.141658567249234,-1.03760573230684
0.473825535035158,-1.47590061277151
-0.896590044673743,-1.48914636559784
0.628169350635598,-0.730697397887707
1.3290161765897,-0.872137817367911
-1.23384207384562,-1.38205867633224
-0.528615389979407,-0.709008703753352
-0.101882316786808,-0.959652143344283
0.383778223977276,-1.01566223315895
0.124012130818685,-1.24391119219363
-0.302360449020403,-1.23231389448047
0.479000834424562,-1.76642353609204
-1.07320297014555,-0.748868701606989
0.329812701566523,-1.62737610451877
0.468473599540098,-0.874352114647627
0.0927961717303944,-1.73243380263448
-0.0968442567261827,-1.74621842876077
0.47904844491821,-0.839834853261709
0.955123989513158,-0.598090377449989
0.813099781794952,-1.82372328713536
-0.478549719012607,-1.75576099008322
-0.411903337635978,-1.85024777874351
1.0609113113468,-1.47731120958924
0.153868019464938,-1.55705327130854
0.42243833730806,-1.54416514635086
0.71648382889773,-1.29718546643853
1.15106859966728,-1.08338327743113
0.778178113010363,-1.02790447473526
0.707176460377638,-1.24446596726775
-0.417065252189713,-1.44530659727752
-0.868072769342743,-0.782037620991468
-1.04454569444174,-0.848982826992869
-0.406147584529183,-1.58425713665783
0.707398148989009,-1.69815844856203
-1.05517049162175,-1.50219473615289
0.0419347822736662,-1.36027002558112
-0.647199303027818,-0.692743770033121
1.04947736802424,-1.45813540890813
-1.0292216794541,-0.820663457363844
0.276119926970871,-1.4731097009033
-0.384613655181217,-1.14702532291412
-0.878113219707324,-1.3218468375504
-1.08350098128554,-1.05758204869926
-1.28439134271381,-1.44121677689254
0.201553783351296,-1.67658772058785
0.727963627219299,-0.609570891037583
0.724723312385223,-1.57410909198225
-1.37414801755708,-1.24024684131145
-0.124782472485383,-1.59165180921555
0.434453861860822,-1.28436637856066
0.584535486994087,-1.72412560582161
0.884874882268919,-1.48935191817582
-0.610098758545707,-0.766982099041343
-1.30895368455077,-1.02964477837086
0.0157577603445778,-1.23254520781338
-0.245231978097917,-1.67354818098247
0.0504978599927612,-1.80232011824846
0.358213762633653,-0.743391065299511
-0.492511285920425,-1.81888550631702
-0.918511114434406,-1.4377310257405
-0.171367603514414,-1.43348310776055
-0.85147983534462,-1.46029200740159
-1.15434915918344,-0.724168137088418
0.754380058783951,-1.78555399216712
-1.09880322450674,-1.1976327534765
0.0144246528988621,-1.83785626515746
-1.12230570819031,-1.20744852609932
-0.648010794371063,-0.910045852512121
-0.606401678409512,-0.639677801728249
-0.969555788300199,-1.09407067932189
-0.106336704074469,-1.31407071650028
-0.587719508577604,-1.8639827940613
0.534541966467565,-1.66486110538244
0.808475914020937,-1.32785241901875
-1.25220177825623,-1.2423081792891
-0.371915443676349,-0.846982141211629
-0.407829081108561,-0.707820758968592
-0.189058204972237,-1.19582479856908
0.740963170740723,-0.905394674092531
-0.841475491988514,-1.13721175976098
-0.606905286095283,-1.54512085691094
-0.50835030957784,-1.88624918945134
-0.490904237623897,-1.15700955688953
-0.096813023064235,-1.57829630635679
-0.162814412616548,-1.00622922740877
0.881879021035961,-1.07600092403591
-0.243737365145727,-0.993766570463777
0.656800914116804,-1.05644525289536
-1.21628297165134,-1.00547996200621
0.276503362420573,-1.05164020508528
0.272148846948383,-1.75776466354728
-0.0969662661983224,-1.39992170706391
-0.825795258205443,-1.02901871092618
0.827325583731245,-1.31520652994514
1.03480344526699,-1.07043589912355
0.33251512856256,-0.965378325432539
0.221820068465922,-1.40979062207043
-0.44471455154815,-1.19190699234605
-0.265677387242046,-0.797129187732935
1.10135333347414,-1.48130354993045
-0.0689486016564012,-0.896139107272029
-1.2623590053436,-0.920603294670582
-0.377265147500476,-1.03028551116586
-0.16341352803338,-1.38099386692047
-0.00152251662375913,-1.29735904298723
-0.264555762405629,-1.24154385067523
0.597525911804278,-1.57872067801654
-0.463495470223905,-1.27403507716954
-0.862988383945482,-1.54362979717553
-0.552120058624514,-1.33527993187308
1.23680229970521,-1.53319451622665
0.35214253040331,-1.31825100108981
0.804832791016978,-0.696960419788957
-1.24715214594382,-1.24111088588834
-0.310928079607699,-1.08284526765347
0.574893859580044,-1.71778454966843
-0.500879981857492,-1.7089498732239
-0.481371440497395,-1.65940344072878
-0.0745102908645281,-1.86458828151226
0.701285534832644,-1.85906994827092
-0.692065259216961,-0.607961770147085
0.661835009069073,-1.64249002411962
0.0548994312845734,-1.08177892453969
1.29752252757318,-0.812032747641206
0.734993950524227,-1.73077080696821
-0.895731652560106,-1.17093199305236
-0.160666242505352,-1.16285892128944
1.11804010534258,-0.689492507651448
0.175863898857495,-0.817642246559262
-0.755931189451277,-1.18597540147603
-1.20422709796911,-1.50268680639565
0.0323051870691595,-1.42388975396752
0.284762472934933,-0.841914207488298
0.290758089796377,-1.27958629354835
0.804626631980843,-0.861215686798096
0.661312367954952,-1.53481230735779
0.399310440239449,-0.768689057603478
0.971174872049971,-1.63433215133846
0.672724555729614,-1.27673669345677
-1.13266201005608,-0.917910924181342
0.712377370785972,-1.24915512464941
0.706903028788943,-0.932956337928772
0.754173702530385,-1.29559395201504
-0.232293227498447,-1.00854291953146
-0.864700608817139,-0.769637290760875
0.379095495882386,-1.87797287814319
-0.259463130205777,-1.65546722225845
-0.729827141215494,-1.41930308267474
-0.226755541727688,-0.802042272686958
-1.32952348858972,-1.13326144106686
0.520302283408317,-0.893916491419077
1.0764840947156,-0.851357135921717
0.509273189845302,-0.964551467821002
-1.17959269002827,-1.22658324353397
0.199309123314331,-1.60633515380323
-0.584866711075065,-1.85980640500784
-0.859383316120874,-1.16566151306033
-0.326320776214543,-1.2045776925981
-0.517723104980781,-0.92934031561017
-0.267323552707843,-1.68983979821205
0.58791894794876,-1.09488511234522
0.780322624867956,-1.3846900831908
-1.14438117130382,-1.46530252173543
0.763016016128827,-0.703974398970604
-0.116885290340843,-0.931984622776508
1.08426102547761,-1.05418973639607
0.59384193494992,-1.42119485475123
0.563740156388755,-1.30043236240745
0.117509724842907,-1.30357365161181
0.457872133701203,-1.27253456190228
-1.11931591593455,-0.753499357029796
-0.972688229740521,-1.11452769674361
0.347547993532275,-1.63312253244221
-1.31304945724045,-1.11021471098065
-0.824135035807731,-0.690363518148661
-0.25630100429833,-1.2276632566005
-0.668035617231861,-1.16020552180707
-0.732673449356304,-1.67833095677197
0.664547811388726,-1.79369980879128
1.20261044700015,-0.983020089939237
0.52913733369636,-1.29770149029791
0.351779018455365,-0.885808362066746
0.879270256750016,-0.965258346870542
0.00922483756626558,-1.62207596898079
0.828631755427785,-0.598732575774193
-0.675122353804535,-1.35213915482163
-1.20109190002594,-1.46022268533707
-0.404881296814425,-1.51934131234884
0.252841565976974,-0.861830757185817
-0.894619352085994,-1.66407331377268
-0.560326172792874,-1.29054795615375
-0.347740639930655,-1.31087634861469
0.624457010151911,-1.45435699783266
1.08815547549941,-1.1359389975667
-0.989492883138608,-0.990636857971549
-1.0809359376389,-1.01593723073602
-0.024250977681068,-1.29028865695
0.887397608504216,-0.683035755902529
1.02129441192016,-1.64945925809443
0.918526368943223,-1.09786558188498
0.175570355631993,-1.10070453025401
-0.521125971092711,-0.74146602936089
1.13756250641716,-0.937751373648644
-1.01940427032702,-1.24066886268556
-1.07049118505265,-1.58613016270101
1.34758160083841,-0.916796942800284
-0.520233212544179,-1.06706894114614
-0.253503461411128,-1.63485438488424
-0.528653623562684,-1.38391747586429
-0.409188554708371,-0.876601963490248
-1.07399401575009,-1.41201228350401
-0.567359785217463,-1.82024036645889
0.543638737261834,-1.79367348253727
-1.13167884093885,-0.783991960808635
-1.3055081215137,-1.12160052843392
0.285317675036213,-1.85051186010242
1.32890833628176,-1.03629285767674
0.149822173276241,-1.03443673253059
-1.1944311660798,-0.946689289808273
-0.961503375277461,-1.27643597871065
1.28677017353202,-1.10650261007249
-0.692950682444782,-1.13849742598832
-0.000134898669264638,-1.35823809877038
-1.14647458373571,-0.681059176102281
0.974401904549543,-1.09243403151631
-0.234995003806709,-1.17455071769655
-0.299149962025335,-1.05323957502842
-0.382567512004923,-1.24549060203135
-0.908425704334152,-0.965240607783198
-1.03715020814162,-0.841719860956073
0.229634136437981,-1.3520238339901
-0.140517609914613,-1.23093594163656
0.475310725665069,-1.79074902199209
-1.05621557144263,-1.59178230762482
-1.29675580264062,-1.07518490590155
-0.976362459901825,-0.824380254000425
-0.489061653327604,-1.36539095118642
1.07515181376662,-0.81464145258069
-0.192152457592448,-1.29586670324206
-1.01645426928301,-0.666853894665837
1.12791550028692,-1.47078612819314
0.374560788552102,-1.49859602339566
-0.460482436153365,-1.60846267975867
0.0574339529387409,-1.37202439792454
0.79287667886415,-0.871107860654593
-0.166651650121016,-1.2158946659416
-0.918528447511151,-1.06180891692638
0.57679244973439,-1.56708575896919
-0.431530790727311,-1.05912996418774
-0.0277557623880613,-1.21355917043984
-0.483863996358145,-1.63786743432283
0.495417224438329,-1.24677873700857
1.12860638733222,-1.58531622216105
0.742329238798394,-0.989485004171729
-0.813538563981291,-0.649660051986575
-1.08349587763576,-1.60062022320926
-1.26979218936648,-1.43437013551593
0.244438537339573,-1.75538407303393
0.967666671718715,-1.08110278248787
0.185053526624849,-1.16982292197645
0.947321603430199,-1.22039396092296
0.556971567862367,-0.700616867095232
1.11699646962039,-0.677966107055545
-0.106676139277252,-1.08619325496256
-0.13722706626599,-1.4988452911377
0.830102509611973,-1.23223573304713
-0.735585092258662,-1.45224172845483
-0.837166642082804,-0.727289300784469
0.617838144039217,-1.02167521342635
-0.479208466752759,-1.710552328825
0.998192970531973,-1.59944777041674
-1.26945692167942,-1.44249767251313
0.47632872766237,-0.734979900345206
-1.19873142275493,-1.06556578688324
1.03898528714691,-1.06051223762333
0.757375143473273,-0.734132367372513
-0.830425769741677,-1.67004219517112
0.291127250337002,-1.13402420058846
-1.32719073918133,-1.27423804104328
-0.340951749686187,-1.63490343615413
-0.643716367287503,-1.60438858047128
0.631635994529356,-1.83776128962636
-0.916117693418725,-1.21755343079567
-1.20329201617056,-1.38425033055246
-0.326084103619581,-1.48171445690095
0.790819052962413,-1.75757810287178
0.643024423442214,-1.45467221923172
-0.221377480761648,-1.84352407045662
0.937860685570007,-1.20567739754915
0.230339557888982,-1.54917309097946
-0.676071468531557,-1.61330839954317
0.159520839993627,-0.99015404060483
0.521132875649033,-1.17175199352205
1.15054334996339,-0.974499952793121
0.856198568595562,-1.01469760686159
0.612582455840585,-1.73789053782821
-0.214384470475737,-1.30902479924262
1.15752324010018,-0.946197570115328
1.29437345564321,-1.12779294550419
0.716951144034943,-1.04136422649026
-1.22509425918513,-1.53414296805859
1.06341899002183,-1.42691716775298
-1.03525410136993,-1.72066584415734
0.490047003513927,-1.49274512156844
0.315416745750146,-1.82685252539814
-0.259168410811845,-0.821903392672539
-0.642293145747977,-0.740903113037348
-0.909507975859375,-0.931264325603843
-0.205948424137125,-1.00523487962782
-0.375939126258716,-1.84255556985736
-0.200890560591929,-1.14994195140898
0.860244990218015,-0.639617642760277
-0.964164218588854,-1.04682272225618
0.090545295451893,-1.07707735449076
0.684375851475017,-1.25380225591362
-0.598095148131519,-1.57679770626128
-0.130863220456788,-1.72182381525636
0.700779283525055,-1.19814839661121
-0.886108546068587,-0.659903779998422
0.221522882556615,-1.46082143336535
0.0460549379145216,-1.83021803498268
0.638482538435415,-1.0228765539825
-0.531072316305463,-1.73689494654536
1.36766113207416,-0.991544457152486
0.109713976683492,-0.863272169977427
-0.226658641148517,-1.21348905675113
0.742398770917774,-1.29581814855337
-0.205777952373681,-1.32568037062883
0.0076550555793633,-1.74975934736431
-0.757651299127739,-1.7940393589437
-0.961373309732747,-1.09984867870808
-0.567124398428254,-1.11036724336445
-0.861140771253431,-1.35714954510331
-0.534417116804918,-1.28466220647097
-0.428161958894602,-1.06510071568191
-0.705248091688642,-1.30846336036921
0.1437258535614,-1.54217595905066
1.07115691065692,-1.43584531284869
-0.423580451348866,-1.3888495542109
-0.475405801982999,-1.78210255652666
-1.1410619240853,-1.26576470434666
0.302583626493632,-1.19788462817669
0.966267559361429,-0.710771327093244
-0.563842104825929,-1.85003438033164
-0.971040189411643,-1.44886952638626
0.0626138953714217,-0.869749447703362
-1.11463555185387,1.30357375591993
-0.422081950488564,0.9921436175704
-1.22377784904944,1.25006747767329
0.544055064556887,1.203106636554
-0.0708999215239698,1.4109236035496
0.39568023367976,1.40507541261613
0.266493111623908,1.87532490938902
0.51647465311747,0.933623480796814
-0.464685451660013,0.857787420600653
-0.826991861346557,0.861139741539955
0.419553521815039,0.99781121686101
-1.1538476955885,1.1353032104671
0.638110446231724,1.53112298361957
0.158838969807133,1.49103667885065
-0.991888110899506,0.922169730067253
0.979221205066898,1.33201885856688
-0.589346807990372,1.64545383378863
1.13166426047251,1.60400079116225
0.677996600648958,0.644663619250059
0.387506990597021,0.809849266335368
-0.978302177026763,1.58696940168738
0.727250529858273,1.179707807675
0.472010750611786,1.26900956071913
0.732732851376373,1.84167390391231
-0.918932228793359,1.28369623422623
0.592004940210825,1.06148414872587
-1.01463338539158,0.862431573495269
1.03122871000232,1.09459882192314
-0.496880643950548,0.932079496234655
-0.557225449624438,1.39022416099906
-1.27170524321369,0.919621661305428
-0.432062077620074,1.65865428820252
0.408851026157006,0.878748149052262
-0.0948932008964249,1.0824589766562
0.480504250150851,1.01626616120338
-0.180660840497312,1.09091391116381
-0.984658630425998,1.12418157868087
0.756467265354166,1.25909566134214
0.387848208541584,1.61671318486333
0.544325912207986,1.72044202648103
0.920818147078999,1.13473637886345
0.455018517486827,1.77579893171787
0.0972513939484312,1.71944270767272
-0.65541256827429,1.04452128224075
1.06781973741187,1.45670731030405
0.814892716602905,1.66810993254185
-0.685697718175888,1.34120564162731
-0.605464211188287,0.618522880971432
-1.02306263421623,0.638903937488794
1.21130736204733,0.759846588596702
-0.291865731008673,1.79804469309747
-0.292445296598881,1.2579031124711
-1.11018105687511,1.45629998110235
0.637676837759249,1.84639712944627
0.47811805935975,0.800790765136481
1.14276025096672,0.720184637978673
-0.753359010296329,1.51057107038796
-0.178586210430795,1.41188692376018
-0.978090021672477,1.28870854750276
1.17749116573204,0.756291240826249
0.0338808297872286,1.12529451772571
0.915805264029207,1.22091139107943
-0.283280993755433,1.34733206704259
0.983478580574286,0.829969301819801
0.661006143129622,1.28954628705978
1.1559655104338,1.07715811468661
-0.217328498556296,0.830982511863113
0.377144903902837,1.7681160017848
0.147465402914455,1.87277353778481
-1.26120389506332,1.24636916406453
-0.195222185187085,1.32879548333585
0.711772938283392,1.77102402746677
-0.477129645815825,1.21663467772305
-0.71196742062036,0.918640955537558
-1.05597704279809,0.983387254178524
0.794513283825718,0.797354055568576
-0.307835594808213,1.60299594663084
0.651665499357923,1.10386018492281
0.67883642577942,1.82378014810383
0.781713663636646,1.68448562808335
1.08630762666544,1.40604283846915
0.668456882098854,1.43426283858716
0.626315328377029,0.927707782015205
-0.417532559542027,1.15838929824531
0.614235695184248,1.39196276850998
0.675700419504278,0.864416233822703
-1.24066714765007,1.3197336666286
-0.592877631236976,1.52902526333928
0.471537250372631,0.801550573855639
-1.28584821707253,1.43711338415742
0.212584337231541,0.845556361228228
-0.709345783355829,1.36813314557076
-1.03539716899279,1.50666856467724
-0.441687391779089,1.39835979230702
-1.24358354647674,0.937736421078444
0.361775187667935,1.00144603028893
1.07875739734076,0.885463849082589
0.57998361915231,1.50123206377029
-0.324876742397336,0.749819733574987
0.624477729010809,1.46531910970807
0.332782120742625,1.1841862089932
-0.408713044667893,0.778440792113543
0.552513886265112,1.1644377335906
1.13516070236316,0.784322203323245
0.780219103232521,1.59906445778906
0.914322876611535,1.61321345567703
-1.11850387380973,0.885548787936568
0.590058027244609,0.71125571243465
0.539908038689752,1.10497374609113
0.902567521423952,1.0501948248595
1.16028962328197,0.829452363029123
0.0384774374412933,1.07820688448846
-1.176341506827,1.59675583988428
0.857382911170113,1.5638616014272
-0.371233986738223,1.15397180393338
-0.263430609063918,1.53129362910986
0.0437513624136503,1.51647817082703
0.182512303470466,1.48255205489695
-0.505278883577824,1.67647683024406
0.272090533516635,0.847872936353088
-1.27290833701402,1.03648897223175
1.17930576591281,0.705697252228856
-0.529716160369942,0.805398436263204
-0.868655728500002,1.75567474402487
1.10267052209969,1.67130492664874
-0.594490836090818,1.64115861430764
1.38235010044545,0.999236122518778
-0.508412996825121,1.84873574003577
-0.65207110036018,1.10361552499235
0.69217823885546,1.01831534206867
-1.25874542408363,1.30122727714479
0.0859732322856492,1.07072241157293
0.200852406155121,1.20519499629736
-0.876243352585126,1.26050168909132
-0.288598143079815,1.90129717774689
-0.476464210847771,0.873043066263199
0.532630901661945,1.056665982306
-0.259973154594223,1.35155750028789
0.12291514324013,1.76641949526966
-0.340333927158005,1.0399121593684
0.0302414299110283,1.77082767412066
-1.06524545957801,1.57974349670112
0.692240504420733,1.83435230329633
0.149955924970444,1.73740954324603
-0.28064035160718,1.43138059899211
-0.878792374261688,1.07505344077945
0.0709704059959462,1.16479667834938
-0.814932959338764,0.859576958790422
0.205471412908699,1.87627215310931
1.38086554687974,1.19386845119298
-0.653014839614714,1.73441380821168
0.315704166152894,1.00740027427673
-1.31849127133614,1.28348954580724
-0.258555407784642,1.7073283251375
0.67577355473423,1.74778177700937
-0.31808354321149,1.81279951818287
-1.08741705061951,1.55897858738899
0.15936934586676,1.90124933347106
1.31126266990743,1.27178831622005
-1.25884598032143,0.831213181465864
-0.620946452942602,1.75410370379686
-0.465199282863878,1.81618798300624
-0.680452785463421,1.22951305508614
-0.513833138411832,1.45868630632758
0.906190053371099,1.45448342859745
-0.34754580727325,1.13726126290858
-0.435986478093039,1.09136547930539
0.561123788203096,1.09270993098617
-0.593795381256257,1.09314497560263
0.616199751145936,1.37882243841887
-1.04999187781177,1.09742038063705
0.0202205689463055,0.951610990613699
-0.872904924673921,1.21343046277761
0.867745913238625,1.35389682129025
-0.0778779757221759,1.44305092133582
0.228416752807523,1.06934292763472
-0.513981709309273,1.11905410848558
0.384196823165238,1.06490686126053
-0.294120517252499,1.7224935516715
-0.546305078657868,1.45766011476517
-1.20586750715113,1.07505543865263
0.927098488173308,1.72532812841237
-1.11665708566819,0.933086455985904
0.852511123568875,1.26009475439787
0.353297074980965,1.42373516969383
-1.02258048365724,1.05156501419842
-0.698018877199169,0.707203805074096
-1.08886478031733,1.31617462225258
-0.0320801178655694,1.15569117330015
-0.44959296734181,0.883900705352426
0.149951720476456,1.68699875473976
0.779968820688572,0.622668853774667
1.27099058952169,1.38894307389855
-0.0883338470898631,1.51784871481359
1.06198893009762,0.924322236329317
0.132517966178332,1.05024132877588
0.293200404516492,1.41673603467643
0.738672982670487,0.862343098968268
0.576947901184715,1.19210491999984
1.11451203665259,0.913667426630855
-0.841733872773238,1.37424641996622
-0.243391755220868,1.31372009925544
0.665405321213855,0.603509290888906
1.12332594185854,1.41450604274869
0.528757824430522,0.659079930186272
-0.956869562944218,0.977649885416031
-0.290610218242327,0.782123297825456
0.179642343510209,1.61368821561337
-0.537745160310124,1.37846650406718
0.374568572801966,1.58298540152609
0.215333687703924,1.69554716646671
0.961505245599351,1.40444821827114
-0.64864105003106,1.51728025339544
-0.499178719420554,0.727583590522409
-1.10183368572155,1.65867616720498
-0.241563451023584,0.792948645353317
-0.73711790570831,1.23388056978583
0.33878677587135,1.16801425814629
-0.952663772121217,1.73228035122156
-0.472883575927438,1.2732629712671
-1.18680783201603,1.59152814075351
0.744732986482075,1.70749846063554
-0.305598619763655,0.903111328184605
0.841012152339523,1.08311928138137
-0.00588710640348622,1.19269291870296
-0.700810520430711,1.11493969969451
-0.512239077921145,1.1656258970499
-0.23708293696746,0.851645524427295
-0.474112022547557,1.83049544543028
-1.3107052296478,0.840391312167049
1.22606639255985,1.22132526598871
-0.38836277671585,1.69145356751978
-0.0325685702999794,1.61333646923304
0.828396835732493,1.40444092564285
0.813296722862397,1.63366737700999
-0.495693655159212,1.11501515284181
0.327093605805088,1.39522321857512
0.525686497039221,1.37126329764724
-0.421063470368741,1.70623870827258
-0.155770814762015,1.76320067755878
0.469140580459267,0.702029816061258
0.843416151086184,1.17563195489347
0.923901960150181,0.609237490594387
0.0115578886394829,1.64550669714808
1.01659660447667,0.816950804740191
-0.585535141282858,1.52532817609608
-0.612128040280363,1.61473041437566
1.2116143712012,1.1791916243732
0.708691777916411,1.03829717338085
-1.18047850314976,1.38808937817812
0.550584061151336,1.8190438516438
0.924285998280782,1.5305308714509
1.21491264590288,0.805047747120261
-0.102320066176599,1.19701795019209
-1.12559308468268,1.40320901423693
-0.824859241570325,1.42679180465639
0.463747049602214,1.79652687422931
-0.528089411090009,1.36479337066412
-0.159861023195417,0.876028943061829
1.22649851022424,1.26112088598311
-0.0907204368570167,1.44009255506098
0.633829492212684,0.626767621561885
-1.05040026451024,1.30866261944175
-0.808901428145085,1.18171819150448
0.0550122960958177,0.969251661375165
-0.253035206896151,1.68747393526137
-0.195534531537685,0.92819627635181
0.156260103424283,0.978031139820814
-0.684345014842898,1.29392971433699
-1.28219058496379,1.25305214673281
-0.349526096694755,1.70119161121547
-0.296287886869882,0.871150716766715
0.947576982487769,0.935113931447268
-0.480542103571579,1.2605865702033
0.444856307415603,1.37795089408755
0.630561378803169,1.24293510392308
0.164707208211365,1.31631408408284
0.606361195639279,0.642791634052992
-1.15489856153526,1.30323259159923
-0.541473491624288,1.52077274285257
-1.28811045022061,0.838720579445362
-0.471015634270161,0.856730246543884
-0.936806004374183,1.67863036841154
0.552801563569514,1.02013390250504
0.900293220385546,1.74881792329252
-1.33868004351283,1.25977010726929
-0.211160373531681,1.77970101796091
-0.72905419485147,0.635887933522463
-0.924405996654116,0.785821728035808
0.769603461742007,1.29653609655798
1.09911457309284,0.652406998723746
1.32792966943089,0.912043783441186
0.766906271387766,1.28897613957524
0.832941165197453,1.1671632964164
0.0235251792579667,1.17774208523333
-1.19557327038948,1.20141966566443
0.137041774001826,1.20556417927146
-0.0237384056845529,0.864599129185081
-1.31970334436827,0.875150185823441
-0.537750648663641,1.08008186407387
0.587346259667728,1.19874437227845
0.49949370809549,1.26248552538455
0.422155539837601,1.28605896495283
-0.448069848685892,1.2019962489605
1.04844626923252,0.909284995496273
0.776368558741371,1.09266046658158
1.00946791573415,0.848164175823331
0.0522089223195601,1.54846154376864
-1.03298350724074,1.00930965617299
-0.0623867729008243,1.0674211256206
0.529329505215925,1.13158386461437
0.972227388395241,1.03536772504449
0.123304728110989,1.16120405830443
0.812160610329674,1.30484506078064
-1.20228222594381,1.45886101126671
0.835934348425291,1.51386640034616
-1.27700201426849,1.41024107523263
0.852386355647663,0.716575938090682
0.815647522206952,0.601758722215891
0.932729480495047,0.826391974836588
-0.443759617609421,0.911920287832618
-0.580386149012067,1.47212193831801
0.21459972876086,1.02617424912751
0.0891504589501664,1.40580915659666
-0.00083331630648642,1.1347686573863
0.909553054963494,1.6344292934984
0.804308108313199,0.907429001107812
-0.531639628465266,1.70866398625076
0.897929716086466,0.844416069611907
0.881191862308348,1.52810829691589
0.950566316731988,1.09258602745831
-0.877897312680652,1.1336244083941
-0.374336218230764,1.3650744587183
1.2397155761388,1.33307481557131
0.974591408443853,1.4554604742676
0.179050024958601,1.33979195691645
1.02617472528285,1.19710919484496
-0.403070930969753,0.703146694228053
-0.559668552565537,1.8274786144495
-0.0291770779249121,1.18510332740843
-0.137235748374161,0.84107116535306
0.522647722201441,1.22703082561493
0.255811255029561,1.76510898582637
1.01529900849468,1.25023418441415
0.733802240191887,1.11193521432579
0.456884322838178,0.985560511052609
-1.15305158071748,1.53624628186226
-0.670571749062556,1.0318688288331
-0.563763202283594,1.0428459931165
0.930799342039101,1.41572891660035
0.758742285846952,1.22636778354645
-0.846124741126951,1.17902163751423
0.391973007874457,1.26157306171954
-0.796561010580137,0.825134240463376
1.25708322367293,1.198629084602
-0.84081093541652,1.32964804954827
1.18285576271594,0.932737930491567
-0.0714251621454827,1.62089293412864
-0.975769584081225,1.43809635564685
-1.07906855195314,1.06191603764892
-0.186637958493444,1.61308914348483
-0.698308008982127,1.19202367775142
1.28782933753196,1.22251006811857
0.264536895703858,1.78320462331176
-0.517242765708201,0.954096740856767
-0.58124912124105,1.18986512385309
0.92645448308489,1.47805126383901
-0.96088166159746,0.63635925129056
-0.340177913897497,0.786769049242139
-0.331885472988498,1.04107613116503
-1.02962942389844,1.14987345188856
-0.0139294198177666,1.75365384072065
-0.873484994985056,1.70237591676414
-0.605206080817802,1.06934538148344
0.361204258773989,1.64505562782288
-0.877653251568171,0.857715296000242
0.719189218047687,0.96312991194427
0.942822196073901,1.1604694545269
0.496144223682041,1.83690198026598
0.851951428283616,1.57376133911312
-0.47877330389553,0.682241336256266
-1.06675248879473,1.47447020448744
-1.16510568398402,1.15159502997994
-0.469325240200419,1.82033750750124
0.716383637901416,1.57982805557549
0.412770082945819,1.13299056142569
0.561774371530835,1.02075356729329
-0.617597191047505,1.81597027257085
0.708397613196504,1.61798850484192
0.799191795749272,1.51138953827322
1.05879891543966,1.01766998283565
1.15330855827423,0.787421698123217
-0.406428629748715,0.714171551167965
-0.21948281873739,1.00730546936393
0.71632088577998,0.786796012148261
-0.90423105564728,1.68845189362764
-1.06997448251868,0.707566833496094
-0.0676831345997047,1.1453266043216
-1.19408562946273,1.28233900032938
-0.819463613980582,1.63686951622367
-0.704271084967399,1.01369280442595
0.446528864985157,1.22075078114867
0.964304392175666,1.57696393691003
-0.503536556449483,0.697174662724137
0.0100220909787023,0.913214344158769
1.21438630177199,0.828043261542916
-0.719267781298191,1.58837226592004
-0.367289621892784,0.931680445373058
-0.843191927192834,1.45424886345863
0.565170142356428,1.65520271137357
-1.06971456551397,1.64494108557701
0.659902425506223,1.24371836781502
-0.621014672657826,0.945239743217826
0.956006378576748,1.57583958730102
-0.111416112975298,1.79848622307181
-0.613010919792564,0.619945422932506
-0.950952352337823,1.73746450692415
0.711230679224786,1.17341683320701
0.841889867868983,0.949408323690295
1.24812048742418,0.958194104209542
0.898472851594907,1.01201210767031
0.408338061671852,1.7436184566468
-1.00845853810702,0.739842322468758
-0.910966626472456,1.22039474658668
1.04943597377213,0.977369422093034
-0.401073975377816,1.01764781288803
-0.574130412738544,1.76598688662052
0.299098426645306,1.55141206420958
-1.07506529889094,1.00550820492208
0.0260197572461296,1.87712280452251
1.03069959120381,0.81747961267829
-0.0763618329841502,1.89602902233601
0.914471854269928,1.38455153778195
-1.31244372660603,1.1090678486973
-0.319417487533805,1.33654529713094
-0.399817560860715,1.11194687969983
-1.11888952471183,1.11872401721776
-0.659005609079293,1.46599226146936
0.758729374592614,1.18349859155715
0.74767855727004,1.51049590371549
0.174440707808821,1.46072789914906
-1.086409832653,0.710765590891242
-0.637664596006192,0.71666907966137
0.141952752080129,1.12840234190226
-0.334729223790116,0.790915710106492
0.48100851436307,1.33195956796408
-0.527569525181254,1.24627590291202
-1.18464828168055,1.52586570978165
-0.760654182339239,1.68107057400048
0.551306702798052,1.05026410147548
-0.848687922236593,0.881896501034498
-0.490719077054267,1.7404149774462
-0.970940341599609,1.6835297472775
0.605779674742038,0.966519875824452
-1.1772063046147,1.25217725485563
-0.289338731512784,1.15999227501452
0.106120532361244,1.81910497769713
0.619427966301354,0.843918058648706
-0.951655440914209,0.763299337401986
-1.01035846012777,0.981315039098263
0.411404558533568,1.57469840459526
0.400369326578002,0.764061894640327
-1.28204586110375,1.27672131024301
-0.712180749548112,0.756884996965528
-0.881643396807345,0.612387964501977
0.920745726762237,1.18519397862256
0.0835826767613976,1.34066609106958
0.491045423247527,1.19112162515521
0.744099443648642,1.82515081726015
1.01272653740604,1.28421192839742
0.722490294664123,1.59147632569075
-0.0382342547248722,1.27592142559588
0.763295412247337,0.708702729642391
-0.302046083786098,1.3512906242162
0.799217469696132,0.744583006948233
0.205046385989454,1.63697216957808
0.00785368921351304,1.59006090275943
-0.176017708342955,1.62354827448726
1.07071190249792,1.6696027148515
-0.426640117610797,0.944233969599009
0.289658747934735,1.43883351795375
-0.391054531913382,1.76015214286745
-0.206224812689807,0.952120568603277
1.35089381764475,1.31845930889249
0.458485097803913,1.23542111702263
0.526276133693259,1.53244623243809
-0.440426165545908,1.50164770111442
0.35976862615986,1.48276089578867
1.21099923965297,1.21428680606186
-0.14822922018738,1.80875403247774
-0.243217137998917,0.854123200103641
0.682554633481689,1.7583619505167
-0.00344950673696021,1.20933212190866
-0.587038278699021,1.71634525321424
0.494340311518313,1.20072083510458
0.0925750566065544,0.998034850135446
-0.677235407535604,1.31143119037151
-1.09717800690561,1.44500463008881
0.981127536005425,1.0888634879142
0.517425618055394,1.11753091029823
-0.130035085044801,0.161420621909201
0.163262315187603,-0.398138996679336
-0.116468806564808,-0.0107307957485319
0.477392904181033,-0.350082830619067
-0.414071511290967,0.288619455043227
-0.495028927456588,-0.0725377681665123
-0.034857611451298,-0.427716039028019
-0.131320829316974,0.0838641816750169
0.18740327116102,-0.234420676901937
-0.284248421899974,0.21669880868867
0.5204550370574,-0.198759025521576
-0.518405131995678,0.235876155272126
0.502414674963802,-0.317516005598009
-0.39259267738089,0.327698480151594
-0.51577966734767,0.142245204560459
-0.078228900488466,0.256069390755147
-0.510459072701633,-0.294871537573636
-0.314136099535972,0.0176429190672934
0.0198464702814818,-0.44859012812376
0.0408252538181841,0.506271098088473
0.342922199238092,0.434599753562361
-0.35340870609507,0.0893606191501022
-0.114254533220082,0.0653229131363332
-0.243316776584834,0.480214999336749
-0.285578699503094,0.290717732347548
0.0471009666100144,0.0607765205204487
0.511559193022549,-0.124315307848155
-0.0799736467190086,-0.27956707701087
0.308162957523018,-0.350235257763416
-0.321563768852502,-0.224774947855622
0.230663523729891,-0.205251282267272
0.0131882714107633,-0.464286950044334
0.0168699542060494,0.268476036842912
0.024840462114662,-0.539193532895297
-0.0379521964117885,-0.363933037407696
-0.377594963461161,0.33846673713997
-0.380336663872004,0.1340701228939
-0.399629535712302,-0.164700918272138
-0.511084013991058,0.0405116197653115
0.427089594025165,-0.372615038696676
0.236816818267107,-0.016972033213824
-0.410721875075251,-0.163240221329033
-0.296767425723374,0.0144826088100671
-0.3913096181117,-0.19136969782412
0.275596955604851,0.0741366611793637
0.160091192834079,0.0882131678983569
0.140737873222679,-0.0489559541456401
0.313207703176886,0.00857971580699091
-0.35729338824749,0.311478475481272
-0.086823355872184,0.391533858887851
-0.121402336657047,-0.182774626370519
0.417066376470029,-0.0816057217307389
-0.221062728390098,0.39199844179675
-0.302386652491987,0.25184239698574
-0.00362112661823633,-0.055050166323781
0.313879105634987,-0.14760675933212
-0.0120390211232007,-0.257867314293981
-0.317254568170756,-0.409343426674604
0.22107715504244,-0.0436970740556717
-0.0337909874506295,0.223682367056608
0.393196645472199,-0.285638104844838
0.411409997753799,-0.360771209467202
-0.422268393170089,0.15954230055213
-0.180189977120608,-0.476867698319256
0.553522114735097,-0.193894384335726
0.0361843887716532,0.484566018171608
-0.499591756984591,0.0526090110652149
-0.162408093363047,0.19447928359732
-0.000609342008829117,-0.235554514545947
0.0669834715314209,-0.14861590443179
0.138229259569198,-0.432631362229586
-0.490308666788042,0.0473008677363396
-0.158059341274202,0.236469959747046
-0.0250709580257535,0.357460263278335
0.296439606975764,-0.171061265934259
-0.083151451125741,-0.181554735358804
0.0394129394553602,0.410750805214047
0.392882400378585,-0.399273939896375
-0.371770465560257,0.151566684711725
-0.52208090107888,0.125226252805442
-0.175015488266945,0.140654124319553
0.232714386843145,0.470952490065247
0.328541616909206,-0.325840335711837
-0.0930150216445327,-0.0868598068132996
-0.264950404129922,0.471697384491563
0.00813494827598338,0.0813175697810948
0.215708025265485,-0.107135510724038
-0.46762396954,0.344571667257696
-0.0955123672261834,-0.583283351361752
0.249550444073975,-0.0752895548008382
-0.349418332614005,-0.477016692794859
0.478762464411557,-0.291991384606808
-0.38566189231351,0.327242600452155
0.391860493272543,0.326660640444607
-0.280043101217598,-0.232055054605007
-0.00929307891055942,0.585292079485953
-0.215234214160591,0.0877102855592966
-0.111961283907294,-0.347719921823591
-0.169160686712712,-0.185604320280254
-0.038480450771749,0.0182689279317856
-0.0671939441934228,0.294969861209393
-0.16955937417224,0.264827087894082
0.382588283903897,-0.315648473147303
0.364248972013593,0.416948908567429
0.228240527585149,0.303833565674722
-0.297595160454512,0.387879769597202
0.225993090961129,0.128502360731363
0.0927545486949384,-0.0625809134915472
0.368730929028243,0.00757020525634289
0.215302170999348,-0.187159039266407
0.362585239950567,-0.450450996402651
-0.0475604418665171,-0.591643479466438
0.0469287877902389,0.490637909621
-0.105570484232157,-0.121891938149929
-0.153202126733959,-0.110168314632028
-0.160360327083617,-0.146415859367698
-0.229496318846941,0.140608521737158
0.00376136647537351,-0.246407865453511
-0.100521679501981,0.475156105309725
0.510405247472227,-0.0287693724967539
0.271480601560324,-0.285720142442733
0.250902149733156,0.13748725829646
-0.0241163830272854,-0.504445001296699
-0.22315978417173,-0.00679907994344831
0.33534076642245,-0.123220460303128
0.410291763022542,0.26079439362511
0.0232022448442877,0.437407511752099
-0.551467226911336,-0.232682508789003
0.33700317889452,-0.0426867770031094
-0.173120971675962,-0.342793898284435
-0.0421430513262748,-0.229869436472654
-0.0808379961177706,0.107884275075048
0.303068304620683,-0.423590462654829
0.277838718239218,-0.0609115784056484
-0.457908050715923,-0.20575762912631
0.540930688474327,0.204590298235416
-0.042713784892112,0.107533817086369
-0.383348173554987,0.34528524549678
-0.474238429684192,-0.128311890084296
0.275740630086511,-0.391846414189786
-0.261719222087413,-0.269215564616024
0.0504491535946727,-0.105597796384245
-0.225071104522794,-0.194663515593857
-0.496538871992379,-0.218161118030548
-0.209768746141344,0.0021906578913331
-0.0973811572417617,-0.169503914192319
0.127427147235721,0.439112454280257
0.364303007908165,0.29850139701739
0.200346182752401,0.355315457470715
-0.13226615851745,0.0434991711750626
0.202469809446484,0.237618580553681
0.0440310590900481,0.251724321115762
-0.122825987823308,-0.103779686708003
0.0266241584904492,0.272293587494641
-0.079945441056043,0.421495308168232
0.0346230547875166,0.472119356319308
0.323335348907858,0.0550982278771699
0.195877313800156,0.166063626855612
0.093012826424092,-0.452103622723371
-0.177690609823912,0.215090921614319
-0.354887814167887,-0.145878520421684
0.373149056453258,0.126449286751449
-0.567141634225845,0.123360431101173
0.371660681907088,0.457372646592557
-0.414777873829007,-0.389314855914563
-0.188619930390269,-0.0998316292650998
0.405945410951972,-0.0330644932575523
-0.0122864213772118,-0.561094458773732
-0.16140216384083,-0.442156068049371
-0.271750405523926,0.30946623114869
0.3904854638502,0.39509943164885
-0.270434017851949,-0.41507191574201
0.497658386360854,-0.210504144988954
-0.0904607193544507,0.27284178128466
-0.258862250670791,-0.147072768677026
-0.377661447878927,-0.209310960117727
-0.24502772949636,0.0104946853592992
0.396874035894871,0.422962041758001
0.085844034422189,-0.10796015560627
0.119287653174251,0.366212748829275
-0.029605651460588,0.0917599886655808
0.295608406327665,0.415109515283257
-0.257392057869583,0.348212131205946
-0.36545427320525,0.326641573291272
0.270505369640887,0.484047405514866
0.241246612463146,-0.00585748767480254
0.391338502150029,-0.43263047542423
-0.306074144784361,-0.452118345536292
0.136065945122391,-0.395220836251974
0.172755981422961,-0.105735994130373
0.255547177791595,-0.0628782891668379
0.273501605819911,0.167169374786317
-0.43898469619453,0.0520083694718778
-0.51126184919849,0.0400843667797744
0.540860362071544,0.219022788852453
0.176604105625302,-0.0317702310159802
-0.172591063845903,0.452336383704096
-0.398311406560242,0.36624677348882
-0.197698401287198,-0.291675802040845
0.0303159596398472,0.21667733900249
0.540936587378383,0.225384301319718
0.0965961559675634,0.389751356374472
0.286514675617218,-0.453457573056221
0.199522992968559,-0.00235681487247352
0.213498027529567,0.339285628683865
-0.0677984308451414,0.194763967674226
0.297015597112477,-0.301482238993049
0.28197288857773,0.386356148030609
0.16430364176631,-0.149337263032794
0.29400236858055,-0.0841045045293868
0.120948849711567,0.19405417162925
0.400513113196939,0.412727327551693
-0.231982480734587,-0.49155074134469
0.392946377489716,-0.342048859968781
-0.0252502874471248,0.0219480053521692
0.143817495089024,-0.175053972378373
0.175524898432195,0.446618740819395
-0.56434090398252,-0.123352779541165
0.242872726265341,0.296347987744957
-0.490646407473832,-0.0915404565632343
0.117389337625355,-0.177090942487121
0.472745938226581,-0.298123333510011
-0.393661566171795,-0.00814698776230216
-0.137923511490226,0.355767481774092
-0.125458051264286,-0.269476099871099
-0.0902439834550023,-0.320034540910274
0.536557086836547,0.127574387658387
0.179066370986402,0.0358560777269303
-0.329359608795494,0.346452392823994
0.378625977225602,-0.0583508865907788
0.201953708287329,-0.0361516708508134
0.10945252077654,0.227856607921421
-0.521004739031196,-0.00408612219616766
0.278663603402674,0.260312924534082
0.0259627123363316,0.256393862329423
0.427766166441143,0.193520780559629
0.331983257643878,0.23951876219362
0.299351373128593,-0.0928641686215996
-0.0962175020948053,-0.57269263761118
-0.53167972471565,0.106613512337208
0.388823956344277,0.36084210164845
-0.359106003027409,-0.319342190958559
-0.3048046303913,-0.49862849470228
0.299137777648866,0.379549058899283
0.0103559598326683,0.410228445287794
-0.33703081542626,-0.305453553702682
-0.0526059242896736,-0.36756398761645
-0.0410218105651439,-0.484273919463158
0.0598552040755749,-0.175478033255786
-0.158326987735927,0.224343551695347
